DEV_TYPE,RENT_COEFF,PARKING_COEFF,PARKING_SQUARED_COEFF,PROPTAX_COEFF,IMPACTFEE_CEOFF,MAX_VAL_CONSTANT,DENPARK_COEFF,DENPARK2_COEFF,DENPARK3_COEFF,DEN_CONSTANT
Walk-Up 2 Story,73.7818356226994,6.83180727200944,-1.42673552242673,-2362.77123832994,-0.00110150859892664,-168.412874891023,-45.0635784601439,17.4145335584146,-2.78108427762758,73.4437296972181
Stick-Built 5 Story,302.221885649794,-165.218407473916,27.1410926209273,-9149.65583671066,-0.00353225107128783,-758.113419236251,-86.4920220607523,24.1009188310137,-3.24794917263255,237.655246562006
Podium 7 Story,611.510680607013,-538.484399790427,5.94561109883668,-17933.9664530922,-0.00779550055284928,-1667.54001103546,5.43967379172096E-14,-6.66058666339397E-14,1.86286144500246E-14,364.774666666667
